"Código Dane departamento","Departamento","Código Dane municipio","Municipio","Grupo cultivo","Subgrupo","Cultivo","Desagregación cultivo","Año","Periodo","Área sembrada","Área cosechada","Producción","Rendimiento","Ciclo del cultivo","Estado físico del cultivo","Código del cultivo","Nombre científico del cultivo"
"73","Tolima","73268","Espinal","Cultivos para condimentos, bebidas medicinales y aromáticas","Aromáticas","Albahaca","Albahaca","2019","2019A","90,00","90,00","270,00","3,00","Permanente","En fresco","2020200","Ocimun basilicum L."
"73","Tolima","73268","Espinal","Cultivos para condimentos, bebidas medicinales y aromáticas","Aromáticas","Albahaca","Albahaca","2019","2019B","90,00","90,00","270,00","3,00","Permanente","En fresco","2020200","Ocimun basilicum L."
"73","Tolima","73268","Espinal","Cultivos para condimentos, bebidas medicinales y aromáticas","Aromáticas","Albahaca","Albahaca","2020","2020B","90,00","90,00","270,00","3,00","Permanente","En fresco","2020200","Ocimun basilicum L."
"73","Tolima","73268","Espinal","Cultivos para condimentos, bebidas medicinales y aromáticas","Aromáticas","Albahaca","Albahaca","2021","2021","100,00","90,00","270,00","3,00","Permanente","En fresco","2020200","Ocimun basilicum L."
"73","Tolima","73268","Espinal","Cultivos para condimentos, bebidas medicinales y aromáticas","Aromáticas","Albahaca","Albahaca","2022","2022","110,00","100,00","300,00","3,00","Permanente","En fresco","2020200","Ocimun basilicum L."
"73","Tolima","73268","Espinal","Cultivos para condimentos, bebidas medicinales y aromáticas","Aromáticas","Albahaca","Albahaca","2023","2023","110,00","110,00","330,00","3,00","Permanente","En fresco","2020200","Ocimun basilicum L."
"73","Tolima","73268","Espinal","Cultivos para condimentos, bebidas medicinales y aromáticas","Aromáticas","Albahaca","Albahaca","2024","2024","35,00","35,00","105,00","3,00","Permanente","En fresco","2020200","Ocimun basilicum L."
"73","Tolima","73268","Espinal","Cultivos para condimentos, bebidas medicinales y aromáticas","Aromáticas","Albahaca","Albahaca","2025","2025","35,00","35,00","122,50","3,50","Permanente","En fresco","2020200","Ocimun basilicum L."
"73","Tolima","73268","Espinal","Cultivos tropicales tradicionales","Cultivos tropicales tradicionales","Algodón","Algodón","2019","2019A","1.907,00","1.907,00","2.097,00","1,10","Transitorio","Algodón semilla","1030100","Gossypium sp."
"73","Tolima","73268","Espinal","Cultivos tropicales tradicionales","Cultivos tropicales tradicionales","Algodón","Algodón","2020","2020A","600,00","600,00","660,00","1,10","Transitorio","Algodón semilla","1030100","Gossypium sp."
"73","Tolima","73268","Espinal","Cultivos tropicales tradicionales","Cultivos tropicales tradicionales","Algodón","Algodón","2021","2021A","769,00","769,00","1.986,17","2,58","Transitorio","Algodón semilla","1030100","Gossypium sp."
"73","Tolima","73268","Espinal","Cultivos tropicales tradicionales","Cultivos tropicales tradicionales","Algodón","Algodón","2022","2022A","562,00","562,00","1.451,53","2,58","Transitorio","Algodón semilla","1030100","Gossypium sp."
"73","Tolima","73268","Espinal","Cultivos tropicales tradicionales","Cultivos tropicales tradicionales","Algodón","Algodón","2023","2023A","592,00","592,00","1.529,02","2,58","Transitorio","Algodón semilla","1030100","Gossypium sp."
"73","Tolima","73268","Espinal","Cultivos tropicales tradicionales","Cultivos tropicales tradicionales","Algodón","Algodón","2024","2024A","798,00","798,00","2.061,07","2,58","Transitorio","Algodón semilla","1030100","Gossypium sp."
"73","Tolima","73268","Espinal","Cultivos tropicales tradicionales","Cultivos tropicales tradicionales","Algodón","Algodón","2025","2025A","562,00","0,00","0,00","0,00","Transitorio","Algodón semilla","1030100","Gossypium sp."
"73","Tolima","73268","Espinal","Cereales","Cereales","Arroz","Arroz riego","2019","2019A","4.859,50","4.859,50","36.638,00","7,54","Transitorio","Paddy o cascara verde","1010101","Oryza sativa"
"73","Tolima","73268","Espinal","Cereales","Cereales","Arroz","Arroz riego","2019","2019B","5.756,10","5.756,10","44.227,80","7,68","Transitorio","Paddy o cascara verde","1010101","Oryza sativa"
"73","Tolima","73268","Espinal","Cereales","Cereales","Arroz","Arroz riego","2020","2020A","5.451,00","5.451,00","41.111,00","7,54","Transitorio","Paddy o cascara verde","1010101","Oryza sativa"
"73","Tolima","73268","Espinal","Cereales","Cereales","Arroz","Arroz riego","2020","2020B","6.381,00","6.381,00","49.100,00","7,69","Transitorio","Paddy o cascara verde","1010101","Oryza sativa"
"73","Tolima","73268","Espinal","Cereales","Cereales","Arroz","Arroz riego","2021","2021A","5.062,00","5.062,00","37.965,00","7,50","Transitorio","Paddy o cascara verde","1010101","Oryza sativa"
"73","Tolima","73268","Espinal","Cereales","Cereales","Arroz","Arroz riego","2021","2021B","3.073,11","3.073,11","24.969,02","8,13","Transitorio","Paddy o cascara verde","1010101","Oryza sativa"
"73","Tolima","73268","Espinal","Cereales","Cereales","Arroz","Arroz riego","2022","2022A","5.062,00","5.062,00","37.965,00","7,50","Transitorio","Paddy o cascara verde","1010101","Oryza sativa"
"73","Tolima","73268","Espinal","Cereales","Cereales","Arroz","Arroz riego","2022","2022B","3.073,00","3.073,00","22.432,90","7,30","Transitorio","Paddy o cascara verde","1010101","Oryza sativa"
"73","Tolima","73268","Espinal","Cereales","Cereales","Arroz","Arroz riego","2023","2023A","7.200,00","7.200,00","54.000,00","7,50","Transitorio","Paddy o cascara verde","1010101","Oryza sativa"
"73","Tolima","73268","Espinal","Cereales","Cereales","Arroz","Arroz riego","2023","2023B","524,68","524,68","3.777,70","7,20","Transitorio","Paddy o cascara verde","1010101","Oryza sativa"
"73","Tolima","73268","Espinal","Cereales","Cereales","Arroz","Arroz riego","2024","2024A","3.683,00","3.683,00","22.098,00","6,00","Transitorio","Paddy o cascara verde","1010101","Oryza sativa"
"73","Tolima","73268","Espinal","Cereales","Cereales","Arroz","Arroz riego","2024","2024B","2.683,00","2.683,00","19.317,60","7,20","Transitorio","Paddy o cascara verde","1010101","Oryza sativa"
"73","Tolima","73268","Espinal","Cereales","Cereales","Arroz","Arroz riego","2025","2025A","7.612,00","7.612,00","53.284,00","7,00","Transitorio","Paddy o cascara verde","1010101","Oryza sativa"
"73","Tolima","73268","Espinal","Cereales","Cereales","Arroz","Arroz riego","2025","2025B","5.350,57","5.350,57","38.524,10","7,20","Transitorio","Paddy o cascara verde","1010101","Oryza sativa"
"73","Tolima","73268","Espinal","Frutales","Demás frutales","Banano","Banano consumo interno","2019","2019","30,00","30,00","180,00","6,00","Permanente","En fresco","2040902","Musa acuminata"
"73","Tolima","73268","Espinal","Cultivos tropicales tradicionales","Cultivos tropicales tradicionales","Cacao","Cacao","2019","2019","50,00","30,00","24,00","0,80","Permanente","Grano seco","2030200","Theobrama cacao"
"73","Tolima","73268","Espinal","Cultivos tropicales tradicionales","Cultivos tropicales tradicionales","Cacao","Cacao","2020","2020","50,00","30,00","24,00","0,80","Permanente","Grano seco","2030200","Theobrama cacao"
"73","Tolima","73268","Espinal","Cultivos tropicales tradicionales","Cultivos tropicales tradicionales","Cacao","Cacao","2021","2021","60,00","50,00","30,00","0,60","Permanente","Grano seco","2030200","Theobrama cacao"
"73","Tolima","73268","Espinal","Cultivos tropicales tradicionales","Cultivos tropicales tradicionales","Cacao","Cacao","2022","2022","75,00","60,00","36,00","0,60","Permanente","Grano seco","2030200","Theobrama cacao"
"73","Tolima","73268","Espinal","Cultivos tropicales tradicionales","Cultivos tropicales tradicionales","Cacao","Cacao","2023","2023","100,00","60,00","36,00","0,60","Permanente","Grano seco","2030200","Theobrama cacao"
"73","Tolima","73268","Espinal","Cultivos tropicales tradicionales","Cultivos tropicales tradicionales","Cacao","Cacao","2024","2024","120,00","75,00","45,00","0,60","Permanente","Grano seco","2030200","Theobrama cacao"
"73","Tolima","73268","Espinal","Cultivos tropicales tradicionales","Cultivos tropicales tradicionales","Cacao","Cacao","2025","2025","120,00","100,00","60,00","0,60","Permanente","Grano seco","2030200","Theobrama cacao"
"73","Tolima","73268","Espinal","Frutales","Mirtáceas","Guayaba","Guayaba","2019","2019","20,00","20,00","240,00","12,00","Permanente","En fresco","2043000","Psidium guajava"
"73","Tolima","73268","Espinal","Frutales","Mirtáceas","Guayaba","Guayaba","2020","2020","30,00","30,00","360,00","12,00","Permanente","En fresco","2043000","Psidium guajava"
"73","Tolima","73268","Espinal","Frutales","Mirtáceas","Guayaba","Guayaba","2021","2021","30,00","30,00","360,00","12,00","Permanente","En fresco","2043000","Psidium guajava"
"73","Tolima","73268","Espinal","Frutales","Mirtáceas","Guayaba","Guayaba","2022","2022","30,00","30,00","360,00","12,00","Permanente","En fresco","2043000","Psidium guajava"
"73","Tolima","73268","Espinal","Frutales","Mirtáceas","Guayaba","Guayaba","2023","2023","30,00","30,00","360,00","12,00","Permanente","En fresco","2043000","Psidium guajava"
"73","Tolima","73268","Espinal","Frutales","Mirtáceas","Guayaba","Guayaba","2024","2024","60,00","30,00","360,00","12,00","Permanente","En fresco","2043000","Psidium guajava"
"73","Tolima","73268","Espinal","Frutales","Mirtáceas","Guayaba","Guayaba","2025","2025","70,00","60,00","780,00","13,00","Permanente","En fresco","2043000","Psidium guajava"
"73","Tolima","73268","Espinal","Oleaginosas","Oleaginosas","Higuerilla","Higuerilla","2019","2019","82,00","82,00","328,00","4,00","Permanente","En fresco","2070200","Ricinus communis"
"73","Tolima","73268","Espinal","Oleaginosas","Oleaginosas","Higuerilla","Higuerilla","2020","2020","82,00","82,00","328,00","4,00","Permanente","En fresco","2070200","Ricinus communis"
"73","Tolima","73268","Espinal","Frutales","Cítricos","Limón","Limón demás variedades","2019","2019","250,00","240,00","4.800,00","20,00","Permanente","En fresco","2043699","Citrus limon"
"73","Tolima","73268","Espinal","Frutales","Cítricos","Limón","Limón demás variedades","2020","2020","260,00","260,00","5.200,00","20,00","Permanente","En fresco","2043699","Citrus limon"
"73","Tolima","73268","Espinal","Frutales","Cítricos","Limón","Limón demás variedades","2021","2021","280,00","260,00","5.200,00","20,00","Permanente","En fresco","2043699","Citrus limon"
"73","Tolima","73268","Espinal","Frutales","Cítricos","Limón","Limón demás variedades","2022","2022","300,00","280,00","5.600,00","20,00","Permanente","En fresco","2043699","Citrus limon"
"73","Tolima","73268","Espinal","Frutales","Cítricos","Limón","Limón demás variedades","2023","2023","300,00","280,00","5.600,00","20,00","Permanente","En fresco","2043699","Citrus limon"
"73","Tolima","73268","Espinal","Frutales","Cítricos","Limón","Limón demás variedades","2024","2024","300,00","300,00","6.000,00","20,00","Permanente","En fresco","2043699","Citrus limon"
"73","Tolima","73268","Espinal","Frutales","Cítricos","Limón","Limón demás variedades","2025","2025","305,00","300,00","6.000,00","20,00","Permanente","En fresco","2043699","Citrus limon"
"73","Tolima","73268","Espinal","Cereales","Cereales","Maíz","Maíz amarillo tecnificado","2021","2021A","5.026,00","5.026,00","25.029,48","4,98","Transitorio","Grano seco","1010401","Zea mays"
"73","Tolima","73268","Espinal","Cereales","Cereales","Maíz","Maíz amarillo tecnificado","2021","2021B","3.240,00","3.240,00","23.652,00","7,30","Transitorio","Grano seco","1010401","Zea mays"
"73","Tolima","73268","Espinal","Cereales","Cereales","Maíz","Maíz amarillo tecnificado","2022","2022A","5.026,00","5.026,00","24.627,40","4,90","Transitorio","Grano seco","1010401","Zea mays"
"73","Tolima","73268","Espinal","Cereales","Cereales","Maíz","Maíz amarillo tecnificado","2022","2022B","3.300,00","3.300,00","16.500,00","5,00","Transitorio","Grano seco","1010401","Zea mays"
"73","Tolima","73268","Espinal","Cereales","Cereales","Maíz","Maíz amarillo tecnificado","2023","2023A","5.031,00","5.031,00","24.651,90","4,90","Transitorio","Grano seco","1010401","Zea mays"
"73","Tolima","73268","Espinal","Cereales","Cereales","Maíz","Maíz amarillo tecnificado","2023","2023B","7.675,00","7.675,00","38.375,00","5,00","Transitorio","Grano seco","1010401","Zea mays"
"73","Tolima","73268","Espinal","Cereales","Cereales","Maíz","Maíz amarillo tecnificado","2024","2024A","1.357,00","1.357,00","5.428,00","4,00","Transitorio","Grano seco","1010401","Zea mays"
"73","Tolima","73268","Espinal","Cereales","Cereales","Maíz","Maíz amarillo tecnificado","2024","2024B","1.610,00","1.610,00","8.050,00","5,00","Transitorio","Grano seco","1010401","Zea mays"
"73","Tolima","73268","Espinal","Cereales","Cereales","Maíz","Maíz amarillo tecnificado","2025","2025A","3.584,00","0,00","0,00","0,00","Transitorio","Grano seco","1010401","Zea mays"
"73","Tolima","73268","Espinal","Cereales","Cereales","Maíz","Maíz amarillo tecnificado","2025","2025B","2.491,00","6.075,00","30.375,00","5,00","Transitorio","Grano seco","1010401","Zea mays"
"73","Tolima","73268","Espinal","Cereales","Cereales","Maíz","Maíz blanco tecnificado","2021","2021A","2.144,00","2.144,00","11.513,28","5,37","Transitorio","Grano seco","1010403","Zea mays"
"73","Tolima","73268","Espinal","Cereales","Cereales","Maíz","Maíz blanco tecnificado","2021","2021B","2.160,00","2.160,00","15.768,00","7,30","Transitorio","Grano seco","1010403","Zea mays"
"73","Tolima","73268","Espinal","Cereales","Cereales","Maíz","Maíz blanco tecnificado","2022","2022A","2.144,00","2.144,00","11.363,20","5,30","Transitorio","Grano seco","1010403","Zea mays"
"73","Tolima","73268","Espinal","Cereales","Cereales","Maíz","Maíz blanco tecnificado","2022","2022B","3.300,00","3.300,00","17.820,00","5,40","Transitorio","Grano seco","1010403","Zea mays"
"73","Tolima","73268","Espinal","Cereales","Cereales","Maíz","Maíz blanco tecnificado","2023","2023A","2.144,00","2.144,00","11.363,20","5,30","Transitorio","Grano seco","1010403","Zea mays"
"73","Tolima","73268","Espinal","Cereales","Cereales","Maíz","Maíz blanco tecnificado","2023","2023B","6.700,00","6.700,00","36.180,00","5,40","Transitorio","Grano seco","1010403","Zea mays"
"73","Tolima","73268","Espinal","Cereales","Cereales","Maíz","Maíz blanco tecnificado","2024","2024A","526,00","526,00","2.367,00","4,50","Transitorio","Grano seco","1010403","Zea mays"
"73","Tolima","73268","Espinal","Cereales","Cereales","Maíz","Maíz blanco tecnificado","2024","2024B","690,00","690,00","3.726,00","5,40","Transitorio","Grano seco","1010403","Zea mays"
"73","Tolima","73268","Espinal","Cereales","Cereales","Maíz","Maíz blanco tecnificado","2025","2025A","2.016,00","0,00","0,00","0,00","Transitorio","Grano seco","1010403","Zea mays"
"73","Tolima","73268","Espinal","Cereales","Cereales","Maíz","Maíz blanco tecnificado","2025","2025B","1.000,00","3.016,00","16.286,40","5,40","Transitorio","Grano seco","1010403","Zea mays"
"73","Tolima","73268","Espinal","Cereales","Cereales","Maíz","Maíz tecnificado","2019","2019A","8.900,00","8.899,00","41.826,00","4,70","Transitorio","En fresco","1010498","Zea mays"
"73","Tolima","73268","Espinal","Cereales","Cereales","Maíz","Maíz tecnificado","2019","2019B","8.900,00","8.900,00","42.720,00","4,80","Transitorio","En fresco","1010498","Zea mays"
"73","Tolima","73268","Espinal","Cereales","Cereales","Maíz","Maíz tecnificado","2020","2020A","6.781,00","5.563,00","41.722,50","7,50","Transitorio","En fresco","1010498","Zea mays"
"73","Tolima","73268","Espinal","Cereales","Cereales","Maíz","Maíz tecnificado","2020","2020B","6.781,00","5.563,00","8.344,50","1,50","Transitorio","En fresco","1010498","Zea mays"
"73","Tolima","73268","Espinal","Frutales","Demás frutales","Mango","Mango demás variedades","2019","2019","3.580,00","2.335,00","58.375,00","25,00","Permanente","En fresco","2044299","Mangifera indica"
"73","Tolima","73268","Espinal","Frutales","Demás frutales","Mango","Mango demás variedades","2020","2020","3.697,20","3.697,20","22.183,20","6,00","Permanente","En fresco","2044299","Mangifera indica"
"73","Tolima","73268","Espinal","Frutales","Demás frutales","Mango","Mango demás variedades","2021","2021","3.707,20","3.697,20","22.848,70","6,18","Permanente","En fresco","2044299","Mangifera indica"
"73","Tolima","73268","Espinal","Frutales","Demás frutales","Mango","Mango demás variedades","2022","2022","3.717,20","3.707,20","22.910,50","6,18","Permanente","En fresco","2044299","Mangifera indica"
"73","Tolima","73268","Espinal","Frutales","Demás frutales","Mango","Mango demás variedades","2023","2023","3.717,20","3.707,20","14.828,80","4,00","Permanente","En fresco","2044299","Mangifera indica"
"73","Tolima","73268","Espinal","Frutales","Demás frutales","Mango","Mango demás variedades","2024","2024","3.717,20","3.717,20","14.868,80","4,00","Permanente","En fresco","2044299","Mangifera indica"
"73","Tolima","73268","Espinal","Frutales","Demás frutales","Mango","Mango demás variedades","2025","2025","3.650,00","3.650,00","18.250,00","5,00","Permanente","En fresco","2044299","Mangifera indica"
"73","Tolima","73268","Espinal","Frutales","Demás frutales","Mango","Mango Kent, Keitt, Hilacha o Nam Doc","2020","2020","35,80","35,80","895,00","25,00","Permanente","En fresco","2044201","Mangifera indica"
"73","Tolima","73268","Espinal","Frutales","Demás frutales","Mango","Mango Kent, Keitt, Hilacha o Nam Doc","2021","2021","35,80","35,80","221,24","6,18","Permanente","En fresco","2044201","Mangifera indica"
"73","Tolima","73268","Espinal","Frutales","Demás frutales","Mango","Mango Kent, Keitt, Hilacha o Nam Doc","2022","2022","35,80","35,80","221,24","6,18","Permanente","En fresco","2044201","Mangifera indica"
"73","Tolima","73268","Espinal","Frutales","Demás frutales","Mango","Mango Kent, Keitt, Hilacha o Nam Doc","2023","2023","35,80","35,80","107,40","3,00","Permanente","En fresco","2044201","Mangifera indica"
"73","Tolima","73268","Espinal","Frutales","Demás frutales","Mango","Mango Kent, Keitt, Hilacha o Nam Doc","2024","2024","35,80","35,80","107,40","3,00","Permanente","En fresco","2044201","Mangifera indica"
"73","Tolima","73268","Espinal","Frutales","Demás frutales","Mango","Mango Kent, Keitt, Hilacha o Nam Doc","2025","2025","35,80","35,80","125,30","3,50","Permanente","En fresco","2044201","Mangifera indica"
"73","Tolima","73268","Espinal","Leguminosas","Leguminosas","Maní","Maní","2019","2019A","20,00","20,00","40,00","2,00","Transitorio","En fresco","1060700","Arachis hypogaea"
"73","Tolima","73268","Espinal","Leguminosas","Leguminosas","Maní","Maní","2019","2019B","20,00","20,00","40,00","2,00","Transitorio","En fresco","1060700","Arachis hypogaea"
"73","Tolima","73268","Espinal","Leguminosas","Leguminosas","Maní","Maní","2020","2020B","20,00","20,00","40,00","2,00","Transitorio","En fresco","1060700","Arachis hypogaea"
"73","Tolima","73268","Espinal","Leguminosas","Leguminosas","Maní","Maní","2021","2021B","25,00","25,00","30,00","1,20","Transitorio","En fresco","1060700","Arachis hypogaea"
"73","Tolima","73268","Espinal","Leguminosas","Leguminosas","Maní","Maní","2022","2022B","25,00","25,00","30,00","1,20","Transitorio","En fresco","1060700","Arachis hypogaea"
"73","Tolima","73268","Espinal","Frutales","Pasifloráceas","Maracuyá","Maracuyá","2019","2019","5,00","5,00","15,00","3,00","Permanente","En fresco","2044500","Passiflora edulis"
"73","Tolima","73268","Espinal","Frutales","Pasifloráceas","Maracuyá","Maracuyá","2020","2020","5,00","5,00","15,00","3,00","Permanente","En fresco","2044500","Passiflora edulis"
"73","Tolima","73268","Espinal","Frutales","Pasifloráceas","Maracuyá","Maracuyá","2021","2021","6,00","5,00","15,00","3,00","Permanente","En fresco","2044500","Passiflora edulis"
"73","Tolima","73268","Espinal","Frutales","Pasifloráceas","Maracuyá","Maracuyá","2022","2022","7,00","6,00","18,00","3,00","Permanente","En fresco","2044500","Passiflora edulis"
"73","Tolima","73268","Espinal","Frutales","Pasifloráceas","Maracuyá","Maracuyá","2023","2023","7,00","7,00","21,00","3,00","Permanente","En fresco","2044500","Passiflora edulis"
"73","Tolima","73268","Espinal","Frutales","Pasifloráceas","Maracuyá","Maracuyá","2024","2024","7,00","7,00","21,00","3,00","Permanente","En fresco","2044500","Passiflora edulis"
"73","Tolima","73268","Espinal","Frutales","Pasifloráceas","Maracuyá","Maracuyá","2025","2025","10,00","7,00","24,50","3,50","Permanente","En fresco","2044500","Passiflora edulis"
"73","Tolima","73268","Espinal","Frutales","Demás frutales","Papaya","Papaya demás variedades","2019","2019","10,00","10,00","262,00","26,20","Permanente","En fresco","2045399","Carica papaya"
"73","Tolima","73268","Espinal","Frutales","Demás frutales","Papaya","Papaya demás variedades","2020","2020","20,00","20,00","520,00","26,00","Permanente","En fresco","2045399","Carica papaya"
"73","Tolima","73268","Espinal","Frutales","Demás frutales","Papaya","Papaya demás variedades","2021","2021","20,00","20,00","520,00","26,00","Permanente","En fresco","2045399","Carica papaya"
"73","Tolima","73268","Espinal","Frutales","Demás frutales","Papaya","Papaya demás variedades","2022","2022","20,00","20,00","520,00","26,00","Permanente","En fresco","2045399","Carica papaya"
"73","Tolima","73268","Espinal","Frutales","Demás frutales","Papaya","Papaya demás variedades","2023","2023","20,00","20,00","400,00","20,00","Permanente","En fresco","2045399","Carica papaya"
"73","Tolima","73268","Espinal","Frutales","Demás frutales","Papaya","Papaya demás variedades","2024","2024","20,00","20,00","400,00","20,00","Permanente","En fresco","2045399","Carica papaya"
"73","Tolima","73268","Espinal","Frutales","Demás frutales","Papaya","Papaya demás variedades","2025","2025","30,00","20,00","400,00","20,00","Permanente","En fresco","2045399","Carica papaya"
"73","Tolima","73268","Espinal","Frutales","Demás frutales","Piña","Piña demás variedades","2019","2019","1,00","1,00","30,00","30,00","Permanente","En fresco","2045699","Ananas comosus"
"73","Tolima","73268","Espinal","Frutales","Demás frutales","Piña","Piña demás variedades","2020","2020","2,00","2,00","30,00","15,00","Permanente","En fresco","2045699","Ananas comosus"
"73","Tolima","73268","Espinal","Frutales","Demás frutales","Piña","Piña demás variedades","2021","2021","2,00","2,00","30,00","15,00","Permanente","En fresco","2045699","Ananas comosus"
"73","Tolima","73268","Espinal","Frutales","Demás frutales","Piña","Piña demás variedades","2022","2022","2,00","2,00","30,00","15,00","Permanente","En fresco","2045699","Ananas comosus"
"73","Tolima","73268","Espinal","Frutales","Demás frutales","Piña","Piña demás variedades","2023","2023","2,00","2,00","30,00","15,00","Permanente","En fresco","2045699","Ananas comosus"
"73","Tolima","73268","Espinal","Frutales","Demás frutales","Piña","Piña demás variedades","2024","2024","2,00","2,00","30,00","15,00","Permanente","En fresco","2045699","Ananas comosus"
"73","Tolima","73268","Espinal","Frutales","Demás frutales","Piña","Piña demás variedades","2025","2025","2,00","2,00","30,00","15,00","Permanente","En fresco","2045699","Ananas comosus"
"73","Tolima","73268","Espinal","Frutales","Demás frutales","Plátano","Plátano consumo interno","2019","2019","90,00","90,00","1.080,00","12,00","Permanente","En fresco","2045802","Musa x paradisiaca"
"73","Tolima","73268","Espinal","Frutales","Demás frutales","Plátano","Plátano consumo interno","2020","2020","110,00","110,00","330,00","3,00","Permanente","En fresco","2045802","Musa x paradisiaca"
"73","Tolima","73268","Espinal","Frutales","Demás frutales","Plátano","Plátano consumo interno","2021","2021","110,00","110,00","330,00","3,00","Permanente","En fresco","2045802","Musa x paradisiaca"
"73","Tolima","73268","Espinal","Frutales","Demás frutales","Plátano","Plátano consumo interno","2022","2022","110,00","110,00","330,00","3,00","Permanente","En fresco","2045802","Musa x paradisiaca"
"73","Tolima","73268","Espinal","Frutales","Demás frutales","Plátano","Plátano consumo interno","2023","2023","110,00","110,00","330,00","3,00","Permanente","En fresco","2045802","Musa x paradisiaca"
"73","Tolima","73268","Espinal","Frutales","Demás frutales","Plátano","Plátano consumo interno","2024","2024","110,00","110,00","330,00","3,00","Permanente","En fresco","2045802","Musa x paradisiaca"
"73","Tolima","73268","Espinal","Frutales","Demás frutales","Plátano","Plátano consumo interno","2025","2025","116,00","110,00","440,00","4,00","Permanente","En fresco","2045802","Musa x paradisiaca"
"73","Tolima","73268","Espinal","Cultivos para condimentos, bebidas medicinales y aromáticas","Medicinales","Romero","Romero","2019","2019","1,00","1,00","18,00","18,00","Permanente","En fresco","2022500","Rosmarinus officinalis"
"73","Tolima","73268","Espinal","Cultivos para condimentos, bebidas medicinales y aromáticas","Medicinales","Sábila","Sábila","2019","2019","10,00","10,00","110,00","11,00","Permanente","En fresco","2022800","Aloe vera"
"73","Tolima","73268","Espinal","Oleaginosas","Oleaginosas","Sacha inchi","Sacha inchi","2019","2019","5,00","5,00","25,00","5,00","Permanente","En fresco","2070500","Plukenetia volubilis"
"73","Tolima","73268","Espinal","Oleaginosas","Oleaginosas","Sacha inchi","Sacha inchi","2020","2020","5,00","5,00","25,00","5,00","Permanente","En fresco","2070500","Plukenetia volubilis"
"73","Tolima","73268","Espinal","Oleaginosas","Oleaginosas","Sacha inchi","Sacha inchi","2021","2021","5,00","5,00","25,00","5,00","Permanente","En fresco","2070500","Plukenetia volubilis"
"73","Tolima","73268","Espinal","Oleaginosas","Oleaginosas","Sacha inchi","Sacha inchi","2022","2022","5,00","5,00","25,00","5,00","Permanente","En fresco","2070500","Plukenetia volubilis"
"73","Tolima","73268","Espinal","Oleaginosas","Oleaginosas","Sacha inchi","Sacha inchi","2023","2023","5,00","5,00","25,00","5,00","Permanente","En fresco","2070500","Plukenetia volubilis"
"73","Tolima","73268","Espinal","Oleaginosas","Oleaginosas","Sacha inchi","Sacha inchi","2024","2024","5,00","5,00","25,00","5,00","Permanente","En fresco","2070500","Plukenetia volubilis"
"73","Tolima","73268","Espinal","Oleaginosas","Oleaginosas","Sacha inchi","Sacha inchi","2025","2025","5,00","5,00","25,00","5,00","Permanente","En fresco","2070500","Plukenetia volubilis"
"73","Tolima","73268","Espinal","Cereales","Cereales","Sorgo","Sorgo","2019","2019A","396,00","396,00","1.188,00","3,00","Transitorio","En fresco","1010700","Sorghum bicolor"
"73","Tolima","73268","Espinal","Cereales","Cereales","Sorgo","Sorgo","2019","2019B","396,00","396,00","1.188,00","3,00","Transitorio","En fresco","1010700","Sorghum bicolor"
"73","Tolima","73268","Espinal","Cereales","Cereales","Sorgo","Sorgo","2020","2020B","396,00","396,00","1.188,00","3,00","Transitorio","En fresco","1010700","Sorghum bicolor"
"73","Tolima","73268","Espinal","Cereales","Cereales","Sorgo","Sorgo","2021","2021B","200,00","200,00","800,00","4,00","Transitorio","En fresco","1010700","Sorghum bicolor"
"73","Tolima","73268","Espinal","Cereales","Cereales","Sorgo","Sorgo","2022","2022B","396,00","396,00","1.584,00","4,00","Transitorio","En fresco","1010700","Sorghum bicolor"
"73","Tolima","73268","Espinal","Cereales","Cereales","Sorgo","Sorgo","2025","2025B","6,00","6,00","18,00","3,00","Transitorio","En fresco","1010700","Sorghum bicolor"
"73","Tolima","73268","Espinal","Raíces y tubérculos","Raíces y tubérculos","Yuca","Yuca consumo en fresco","2019","2019A","120,00","120,00","2.400,00","20,00","Transitorio","En fresco","1081001","Manihot esculenta"
"73","Tolima","73268","Espinal","Raíces y tubérculos","Raíces y tubérculos","Yuca","Yuca consumo en fresco","2019","2019B","120,00","120,00","2.400,00","20,00","Transitorio","En fresco","1081001","Manihot esculenta"
"73","Tolima","73268","Espinal","Raíces y tubérculos","Raíces y tubérculos","Yuca","Yuca consumo en fresco","2020","2020A","30,00","30,00","360,00","12,00","Transitorio","En fresco","1081001","Manihot esculenta"
"73","Tolima","73268","Espinal","Raíces y tubérculos","Raíces y tubérculos","Yuca","Yuca consumo en fresco","2020","2020B","30,00","30,00","360,00","12,00","Transitorio","En fresco","1081001","Manihot esculenta"
"73","Tolima","73268","Espinal","Raíces y tubérculos","Raíces y tubérculos","Yuca","Yuca consumo en fresco","2021","2021A","48,00","48,00","576,00","12,00","Transitorio","En fresco","1081001","Manihot esculenta"
"73","Tolima","73268","Espinal","Raíces y tubérculos","Raíces y tubérculos","Yuca","Yuca consumo en fresco","2021","2021B","30,00","30,00","360,00","12,00","Transitorio","En fresco","1081001","Manihot esculenta"
"73","Tolima","73268","Espinal","Raíces y tubérculos","Raíces y tubérculos","Yuca","Yuca consumo en fresco","2022","2022A","45,00","30,00","360,00","12,00","Transitorio","En fresco","1081001","Manihot esculenta"
"73","Tolima","73268","Espinal","Raíces y tubérculos","Raíces y tubérculos","Yuca","Yuca consumo en fresco","2022","2022B","30,00","45,00","540,00","12,00","Transitorio","En fresco","1081001","Manihot esculenta"
"73","Tolima","73268","Espinal","Raíces y tubérculos","Raíces y tubérculos","Yuca","Yuca consumo en fresco","2023","2023A","45,00","30,00","360,00","12,00","Transitorio","En fresco","1081001","Manihot esculenta"
"73","Tolima","73268","Espinal","Raíces y tubérculos","Raíces y tubérculos","Yuca","Yuca consumo en fresco","2023","2023B","0,00","45,00","540,00","12,00","Transitorio","En fresco","1081001","Manihot esculenta"
"73","Tolima","73268","Espinal","Raíces y tubérculos","Raíces y tubérculos","Yuca","Yuca consumo en fresco","2024","2024A","45,00","0,00","0,00","0,00","Transitorio","En fresco","1081001","Manihot esculenta"
"73","Tolima","73268","Espinal","Raíces y tubérculos","Raíces y tubérculos","Yuca","Yuca consumo en fresco","2024","2024B","0,00","45,00","540,00","12,00","Transitorio","En fresco","1081001","Manihot esculenta"
"73","Tolima","73268","Espinal","Raíces y tubérculos","Raíces y tubérculos","Yuca","Yuca consumo en fresco","2025","2025A","20,00","0,00","0,00","0,00","Transitorio","En fresco","1081001","Manihot esculenta"
"73","Tolima","73268","Espinal","Raíces y tubérculos","Raíces y tubérculos","Yuca","Yuca consumo en fresco","2025","2025B","6,00","20,00","260,00","13,00","Transitorio","En fresco","1081001","Manihot esculenta"
