CodigoEstacion,NombreEstacion,Variable,Parametro,Fecha,Unidad,Valor,NivelAprobacion
21215080,CHICORAL [21215080],PRECIPITACION,Precipitación total mensual,1965-01-01 00:00,mm,38.1,Definitivo
21215080,CHICORAL [21215080],PRECIPITACION,Precipitación total mensual,1965-02-01 00:00,mm,67.9,Definitivo
21215080,CHICORAL [21215080],PRECIPITACION,Precipitación total mensual,1965-03-01 00:00,mm,155.4,Definitivo
21215080,CHICORAL [21215080],PRECIPITACION,Precipitación total mensual,1965-07-01 00:00,mm,2.7,Definitivo
21215080,CHICORAL [21215080],PRECIPITACION,Precipitación total mensual,1966-02-01 00:00,mm,47.1,Definitivo
21215080,CHICORAL [21215080],PRECIPITACION,Precipitación total mensual,1966-03-01 00:00,mm,71.6,Definitivo
21215080,CHICORAL [21215080],PRECIPITACION,Precipitación total mensual,1966-04-01 00:00,mm,112.9,Definitivo
21215080,CHICORAL [21215080],PRECIPITACION,Precipitación total mensual,1966-08-01 00:00,mm,15,Definitivo
21215080,CHICORAL [21215080],PRECIPITACION,Precipitación total mensual,1966-09-01 00:00,mm,117,Definitivo
21215080,CHICORAL [21215080],PRECIPITACION,Precipitación total mensual,1966-10-01 00:00,mm,214.9,Definitivo
21215080,CHICORAL [21215080],PRECIPITACION,Precipitación total mensual,1966-11-01 00:00,mm,132,Definitivo
21215080,CHICORAL [21215080],PRECIPITACION,Precipitación total mensual,1967-05-01 00:00,mm,108.9,Definitivo
21215080,CHICORAL [21215080],PRECIPITACION,Precipitación total mensual,1967-06-01 00:00,mm,24.3,Definitivo
21215080,CHICORAL [21215080],PRECIPITACION,Precipitación total mensual,1967-07-01 00:00,mm,31.3,Definitivo
21215080,CHICORAL [21215080],PRECIPITACION,Precipitación total mensual,1967-08-01 00:00,mm,3.7,Definitivo
21215080,CHICORAL [21215080],PRECIPITACION,Precipitación total mensual,1967-09-01 00:00,mm,19.7,Definitivo
21215080,CHICORAL [21215080],PRECIPITACION,Precipitación total mensual,1967-10-01 00:00,mm,111,Definitivo
21215080,CHICORAL [21215080],PRECIPITACION,Precipitación total mensual,1967-11-01 00:00,mm,81,Definitivo
21215080,CHICORAL [21215080],PRECIPITACION,Precipitación total mensual,1968-03-01 00:00,mm,167.8,Definitivo
21215080,CHICORAL [21215080],PRECIPITACION,Precipitación total mensual,1968-04-01 00:00,mm,210.5,Definitivo
21215080,CHICORAL [21215080],PRECIPITACION,Precipitación total mensual,1968-05-01 00:00,mm,37.2,Definitivo
21215080,CHICORAL [21215080],PRECIPITACION,Precipitación total mensual,1968-06-01 00:00,mm,233.5,Definitivo
21215080,CHICORAL [21215080],PRECIPITACION,Precipitación total mensual,1968-07-01 00:00,mm,21.5,Definitivo
21215080,CHICORAL [21215080],PRECIPITACION,Precipitación total mensual,1968-08-01 00:00,mm,38.2,Definitivo
21215080,CHICORAL [21215080],PRECIPITACION,Precipitación total mensual,1968-09-01 00:00,mm,230.2,Definitivo
21215080,CHICORAL [21215080],PRECIPITACION,Precipitación total mensual,1968-10-01 00:00,mm,263.6,Definitivo
21215080,CHICORAL [21215080],PRECIPITACION,Precipitación total mensual,1968-11-01 00:00,mm,82.1,Definitivo
21215080,CHICORAL [21215080],PRECIPITACION,Precipitación total mensual,1968-12-01 00:00,mm,37.4,Definitivo
21215080,CHICORAL [21215080],PRECIPITACION,Precipitación total mensual,1969-01-01 00:00,mm,41.1,Definitivo
21215080,CHICORAL [21215080],PRECIPITACION,Precipitación total mensual,1969-02-01 00:00,mm,36.1,Definitivo
21215080,CHICORAL [21215080],PRECIPITACION,Precipitación total mensual,1969-03-01 00:00,mm,228.6,Definitivo
21215080,CHICORAL [21215080],PRECIPITACION,Precipitación total mensual,1969-04-01 00:00,mm,228.8,Definitivo
21215080,CHICORAL [21215080],PRECIPITACION,Precipitación total mensual,1969-05-01 00:00,mm,170.4,Definitivo
21215080,CHICORAL [21215080],PRECIPITACION,Precipitación total mensual,1969-06-01 00:00,mm,109.8,Definitivo
21215080,CHICORAL [21215080],PRECIPITACION,Precipitación total mensual,1969-07-01 00:00,mm,26.5,Definitivo
21215080,CHICORAL [21215080],PRECIPITACION,Precipitación total mensual,1969-08-01 00:00,mm,63.5,Definitivo
21215080,CHICORAL [21215080],PRECIPITACION,Precipitación total mensual,1969-09-01 00:00,mm,123.5,Definitivo
21215080,CHICORAL [21215080],PRECIPITACION,Precipitación total mensual,1969-10-01 00:00,mm,263.5,Definitivo
21215080,CHICORAL [21215080],PRECIPITACION,Precipitación total mensual,1969-11-01 00:00,mm,222.4,Definitivo
21215080,CHICORAL [21215080],PRECIPITACION,Precipitación total mensual,1969-12-01 00:00,mm,62.6,Definitivo
21215080,CHICORAL [21215080],PRECIPITACION,Precipitación total mensual,1970-01-01 00:00,mm,71.6,Definitivo
21215080,CHICORAL [21215080],PRECIPITACION,Precipitación total mensual,1970-02-01 00:00,mm,42.3,Definitivo
21215080,CHICORAL [21215080],PRECIPITACION,Precipitación total mensual,1970-03-01 00:00,mm,37.1,Definitivo
21215080,CHICORAL [21215080],PRECIPITACION,Precipitación total mensual,1970-04-01 00:00,mm,269,Definitivo
21215080,CHICORAL [21215080],PRECIPITACION,Precipitación total mensual,1970-05-01 00:00,mm,133,Definitivo
21215080,CHICORAL [21215080],PRECIPITACION,Precipitación total mensual,1970-06-01 00:00,mm,137.7,Definitivo
21215080,CHICORAL [21215080],PRECIPITACION,Precipitación total mensual,1970-07-01 00:00,mm,77.3,Definitivo
21215080,CHICORAL [21215080],PRECIPITACION,Precipitación total mensual,1970-08-01 00:00,mm,95.7,Definitivo
21215080,CHICORAL [21215080],PRECIPITACION,Precipitación total mensual,1970-09-01 00:00,mm,59.7,Definitivo
21215080,CHICORAL [21215080],PRECIPITACION,Precipitación total mensual,1970-10-01 00:00,mm,183,Definitivo
21215080,CHICORAL [21215080],PRECIPITACION,Precipitación total mensual,1970-11-01 00:00,mm,101,Definitivo
21215080,CHICORAL [21215080],PRECIPITACION,Precipitación total mensual,1970-12-01 00:00,mm,67,Definitivo
21215080,CHICORAL [21215080],PRECIPITACION,Precipitación total mensual,1971-01-01 00:00,mm,62.1,Definitivo
21215080,CHICORAL [21215080],PRECIPITACION,Precipitación total mensual,1971-02-01 00:00,mm,83.8,Definitivo
21215080,CHICORAL [21215080],PRECIPITACION,Precipitación total mensual,1971-03-01 00:00,mm,187.5,Definitivo
21215080,CHICORAL [21215080],PRECIPITACION,Precipitación total mensual,1971-04-01 00:00,mm,94.9,Definitivo
21215080,CHICORAL [21215080],PRECIPITACION,Precipitación total mensual,1971-05-01 00:00,mm,217.5,Definitivo
21215080,CHICORAL [21215080],PRECIPITACION,Precipitación total mensual,1971-06-01 00:00,mm,43.1,Definitivo
21215080,CHICORAL [21215080],PRECIPITACION,Precipitación total mensual,1971-07-01 00:00,mm,114.9,Definitivo
21215080,CHICORAL [21215080],PRECIPITACION,Precipitación total mensual,1971-08-01 00:00,mm,155.6,Definitivo
21215080,CHICORAL [21215080],PRECIPITACION,Precipitación total mensual,1971-09-01 00:00,mm,132.2,Definitivo
21215080,CHICORAL [21215080],PRECIPITACION,Precipitación total mensual,1971-10-01 00:00,mm,209.4,Definitivo
21215080,CHICORAL [21215080],PRECIPITACION,Precipitación total mensual,1971-11-01 00:00,mm,68.1,Definitivo
21215080,CHICORAL [21215080],PRECIPITACION,Precipitación total mensual,1971-12-01 00:00,mm,70.7,Definitivo
21215080,CHICORAL [21215080],PRECIPITACION,Precipitación total mensual,1972-01-01 00:00,mm,130,Definitivo
21215080,CHICORAL [21215080],PRECIPITACION,Precipitación total mensual,1972-02-01 00:00,mm,76,Definitivo
21215080,CHICORAL [21215080],PRECIPITACION,Precipitación total mensual,1972-03-01 00:00,mm,130.2,Definitivo
21215080,CHICORAL [21215080],PRECIPITACION,Precipitación total mensual,1972-04-01 00:00,mm,261.6,Definitivo
21215080,CHICORAL [21215080],PRECIPITACION,Precipitación total mensual,1972-05-01 00:00,mm,186.5,Definitivo
21215080,CHICORAL [21215080],PRECIPITACION,Precipitación total mensual,1972-06-01 00:00,mm,46,Definitivo
21215080,CHICORAL [21215080],PRECIPITACION,Precipitación total mensual,1972-07-01 00:00,mm,1,Definitivo
21215080,CHICORAL [21215080],PRECIPITACION,Precipitación total mensual,1972-08-01 00:00,mm,132.4,Definitivo
21215080,CHICORAL [21215080],PRECIPITACION,Precipitación total mensual,1972-09-01 00:00,mm,96.7,Definitivo
21215080,CHICORAL [21215080],PRECIPITACION,Precipitación total mensual,1972-10-01 00:00,mm,228.5,Definitivo
21215080,CHICORAL [21215080],PRECIPITACION,Precipitación total mensual,1972-11-01 00:00,mm,155.8,Definitivo
21215080,CHICORAL [21215080],PRECIPITACION,Precipitación total mensual,1972-12-01 00:00,mm,28.2,Definitivo
21215080,CHICORAL [21215080],PRECIPITACION,Precipitación total mensual,1973-01-01 00:00,mm,35.7,Definitivo
21215080,CHICORAL [21215080],PRECIPITACION,Precipitación total mensual,1973-02-01 00:00,mm,17.9,Definitivo
21215080,CHICORAL [21215080],PRECIPITACION,Precipitación total mensual,1973-03-01 00:00,mm,82.9,Definitivo
21215080,CHICORAL [21215080],PRECIPITACION,Precipitación total mensual,1973-04-01 00:00,mm,208.3,Definitivo
21215080,CHICORAL [21215080],PRECIPITACION,Precipitación total mensual,1973-05-01 00:00,mm,253.3,Definitivo
21215080,CHICORAL [21215080],PRECIPITACION,Precipitación total mensual,1973-06-01 00:00,mm,66.9,Definitivo
21215080,CHICORAL [21215080],PRECIPITACION,Precipitación total mensual,1973-07-01 00:00,mm,107.3,Definitivo
21215080,CHICORAL [21215080],PRECIPITACION,Precipitación total mensual,1973-08-01 00:00,mm,142.3,Definitivo
21215080,CHICORAL [21215080],PRECIPITACION,Precipitación total mensual,1973-09-01 00:00,mm,145,Definitivo
21215080,CHICORAL [21215080],PRECIPITACION,Precipitación total mensual,1973-10-01 00:00,mm,91.4,Definitivo
21215080,CHICORAL [21215080],PRECIPITACION,Precipitación total mensual,1973-11-01 00:00,mm,156.3,Definitivo
21215080,CHICORAL [21215080],PRECIPITACION,Precipitación total mensual,1973-12-01 00:00,mm,60.1,Definitivo
21215080,CHICORAL [21215080],PRECIPITACION,Precipitación total mensual,1974-01-01 00:00,mm,61.4,Definitivo
21215080,CHICORAL [21215080],PRECIPITACION,Precipitación total mensual,1974-02-01 00:00,mm,87.8,Definitivo
21215080,CHICORAL [21215080],PRECIPITACION,Precipitación total mensual,1974-03-01 00:00,mm,86.7,Definitivo
21215080,CHICORAL [21215080],PRECIPITACION,Precipitación total mensual,1974-04-01 00:00,mm,168.3,Definitivo
21215080,CHICORAL [21215080],PRECIPITACION,Precipitación total mensual,1974-05-01 00:00,mm,266.4,Definitivo
21215080,CHICORAL [21215080],PRECIPITACION,Precipitación total mensual,1974-06-01 00:00,mm,47.5,Definitivo
21215080,CHICORAL [21215080],PRECIPITACION,Precipitación total mensual,1974-07-01 00:00,mm,53.6,Definitivo
21215080,CHICORAL [21215080],PRECIPITACION,Precipitación total mensual,1974-08-01 00:00,mm,12.8,Definitivo
21215080,CHICORAL [21215080],PRECIPITACION,Precipitación total mensual,1974-09-01 00:00,mm,248.9,Definitivo
21215080,CHICORAL [21215080],PRECIPITACION,Precipitación total mensual,1974-10-01 00:00,mm,178.1,Definitivo
21215080,CHICORAL [21215080],PRECIPITACION,Precipitación total mensual,1974-11-01 00:00,mm,119.4,Definitivo
21215080,CHICORAL [21215080],PRECIPITACION,Precipitación total mensual,1974-12-01 00:00,mm,96.6,Definitivo
21215080,CHICORAL [21215080],PRECIPITACION,Precipitación total mensual,1975-01-01 00:00,mm,18.1,Definitivo
21215080,CHICORAL [21215080],PRECIPITACION,Precipitación total mensual,1975-02-01 00:00,mm,145.5,Definitivo
21215080,CHICORAL [21215080],PRECIPITACION,Precipitación total mensual,1975-03-01 00:00,mm,230.2,Definitivo
21215080,CHICORAL [21215080],PRECIPITACION,Precipitación total mensual,1975-04-01 00:00,mm,52.7,Definitivo
21215080,CHICORAL [21215080],PRECIPITACION,Precipitación total mensual,1975-06-01 00:00,mm,75.3,Definitivo
21215080,CHICORAL [21215080],PRECIPITACION,Precipitación total mensual,1975-07-01 00:00,mm,84.4,Definitivo
21215080,CHICORAL [21215080],PRECIPITACION,Precipitación total mensual,1975-08-01 00:00,mm,97.5,Definitivo
21215080,CHICORAL [21215080],PRECIPITACION,Precipitación total mensual,1975-09-01 00:00,mm,215.3,Definitivo
21215080,CHICORAL [21215080],PRECIPITACION,Precipitación total mensual,1975-10-01 00:00,mm,294.3,Definitivo
21215080,CHICORAL [21215080],PRECIPITACION,Precipitación total mensual,1975-11-01 00:00,mm,105.5,Definitivo
21215080,CHICORAL [21215080],PRECIPITACION,Precipitación total mensual,1975-12-01 00:00,mm,63,Definitivo
21215080,CHICORAL [21215080],PRECIPITACION,Precipitación total mensual,1976-01-01 00:00,mm,119.1,Definitivo
21215080,CHICORAL [21215080],PRECIPITACION,Precipitación total mensual,1976-02-01 00:00,mm,87.9,Definitivo
21215080,CHICORAL [21215080],PRECIPITACION,Precipitación total mensual,1976-03-01 00:00,mm,256.2,Definitivo
21215080,CHICORAL [21215080],PRECIPITACION,Precipitación total mensual,1976-04-01 00:00,mm,97.9,Definitivo
21215080,CHICORAL [21215080],PRECIPITACION,Precipitación total mensual,1976-05-01 00:00,mm,258.5,Definitivo
21215080,CHICORAL [21215080],PRECIPITACION,Precipitación total mensual,1976-06-01 00:00,mm,28.1,Definitivo
21215080,CHICORAL [21215080],PRECIPITACION,Precipitación total mensual,1976-07-01 00:00,mm,0,Definitivo
21215080,CHICORAL [21215080],PRECIPITACION,Precipitación total mensual,1976-08-01 00:00,mm,28.7,Definitivo
21215080,CHICORAL [21215080],PRECIPITACION,Precipitación total mensual,1976-09-01 00:00,mm,52.7,Definitivo
21215080,CHICORAL [21215080],PRECIPITACION,Precipitación total mensual,1976-10-01 00:00,mm,87.2,Definitivo
21215080,CHICORAL [21215080],PRECIPITACION,Precipitación total mensual,1976-11-01 00:00,mm,152.9,Definitivo
21215080,CHICORAL [21215080],PRECIPITACION,Precipitación total mensual,1976-12-01 00:00,mm,129.2,Definitivo
21215080,CHICORAL [21215080],PRECIPITACION,Precipitación total mensual,1977-01-01 00:00,mm,12,Definitivo
21215080,CHICORAL [21215080],PRECIPITACION,Precipitación total mensual,1977-02-01 00:00,mm,242.5,Definitivo
21215080,CHICORAL [21215080],PRECIPITACION,Precipitación total mensual,1977-03-01 00:00,mm,130.3,Definitivo
21215080,CHICORAL [21215080],PRECIPITACION,Precipitación total mensual,1977-04-01 00:00,mm,59.8,Definitivo
21215080,CHICORAL [21215080],PRECIPITACION,Precipitación total mensual,1977-05-01 00:00,mm,104.4,Definitivo
21215080,CHICORAL [21215080],PRECIPITACION,Precipitación total mensual,1977-06-01 00:00,mm,233.1,Definitivo
21215080,CHICORAL [21215080],PRECIPITACION,Precipitación total mensual,1977-07-01 00:00,mm,27.3,Definitivo
21215080,CHICORAL [21215080],PRECIPITACION,Precipitación total mensual,1977-08-01 00:00,mm,56.5,Definitivo
21215080,CHICORAL [21215080],PRECIPITACION,Precipitación total mensual,1977-09-01 00:00,mm,111,Definitivo
21215080,CHICORAL [21215080],PRECIPITACION,Precipitación total mensual,1977-10-01 00:00,mm,289,Definitivo
21215080,CHICORAL [21215080],PRECIPITACION,Precipitación total mensual,1977-11-01 00:00,mm,206.3,Definitivo
21215080,CHICORAL [21215080],PRECIPITACION,Precipitación total mensual,1977-12-01 00:00,mm,102.4,Definitivo
21215080,CHICORAL [21215080],PRECIPITACION,Precipitación total mensual,1978-01-01 00:00,mm,28.4,Definitivo
21215080,CHICORAL [21215080],PRECIPITACION,Precipitación total mensual,1978-02-01 00:00,mm,100.2,Definitivo
21215080,CHICORAL [21215080],PRECIPITACION,Precipitación total mensual,1978-03-01 00:00,mm,185.7,Definitivo
21215080,CHICORAL [21215080],PRECIPITACION,Precipitación total mensual,1978-04-01 00:00,mm,220.7,Definitivo
21215080,CHICORAL [21215080],PRECIPITACION,Precipitación total mensual,1978-05-01 00:00,mm,257.5,Definitivo
21215080,CHICORAL [21215080],PRECIPITACION,Precipitación total mensual,1978-06-01 00:00,mm,39.5,Definitivo
21215080,CHICORAL [21215080],PRECIPITACION,Precipitación total mensual,1978-07-01 00:00,mm,22.6,Definitivo
21215080,CHICORAL [21215080],PRECIPITACION,Precipitación total mensual,1978-08-01 00:00,mm,42.2,Definitivo
21215080,CHICORAL [21215080],PRECIPITACION,Precipitación total mensual,1978-09-01 00:00,mm,309.5,Definitivo
21215080,CHICORAL [21215080],PRECIPITACION,Precipitación total mensual,1978-10-01 00:00,mm,179.6,Definitivo
21215080,CHICORAL [21215080],PRECIPITACION,Precipitación total mensual,1978-11-01 00:00,mm,162.5,Definitivo
21215080,CHICORAL [21215080],PRECIPITACION,Precipitación total mensual,1978-12-01 00:00,mm,136.7,Definitivo
21215080,CHICORAL [21215080],PRECIPITACION,Precipitación total mensual,1979-01-01 00:00,mm,67.7,Definitivo
21215080,CHICORAL [21215080],PRECIPITACION,Precipitación total mensual,1979-02-01 00:00,mm,41.7,Definitivo
21215080,CHICORAL [21215080],PRECIPITACION,Precipitación total mensual,1979-03-01 00:00,mm,114.4,Definitivo
21215080,CHICORAL [21215080],PRECIPITACION,Precipitación total mensual,1979-04-01 00:00,mm,195.6,Definitivo
21215080,CHICORAL [21215080],PRECIPITACION,Precipitación total mensual,1979-05-01 00:00,mm,157.8,Definitivo
21215080,CHICORAL [21215080],PRECIPITACION,Precipitación total mensual,1979-06-01 00:00,mm,11.9,Definitivo
21215080,CHICORAL [21215080],PRECIPITACION,Precipitación total mensual,1979-07-01 00:00,mm,11.9,Definitivo
21215080,CHICORAL [21215080],PRECIPITACION,Precipitación total mensual,1979-08-01 00:00,mm,83.9,Definitivo
21215080,CHICORAL [21215080],PRECIPITACION,Precipitación total mensual,1979-09-01 00:00,mm,234.1,Definitivo
21215080,CHICORAL [21215080],PRECIPITACION,Precipitación total mensual,1979-10-01 00:00,mm,265.2,Definitivo
21215080,CHICORAL [21215080],PRECIPITACION,Precipitación total mensual,1979-11-01 00:00,mm,52.4,Definitivo
21215080,CHICORAL [21215080],PRECIPITACION,Precipitación total mensual,1979-12-01 00:00,mm,32.7,Definitivo
21215080,CHICORAL [21215080],PRECIPITACION,Precipitación total mensual,1980-01-01 00:00,mm,115.5,Definitivo
21215080,CHICORAL [21215080],PRECIPITACION,Precipitación total mensual,1980-02-01 00:00,mm,50.3,Definitivo
21215080,CHICORAL [21215080],PRECIPITACION,Precipitación total mensual,1980-03-01 00:00,mm,67.9,Definitivo
21215080,CHICORAL [21215080],PRECIPITACION,Precipitación total mensual,1980-04-01 00:00,mm,93.4,Definitivo
21215080,CHICORAL [21215080],PRECIPITACION,Precipitación total mensual,1980-05-01 00:00,mm,65.3,Definitivo
21215080,CHICORAL [21215080],PRECIPITACION,Precipitación total mensual,1980-06-01 00:00,mm,56.8,Definitivo
21215080,CHICORAL [21215080],PRECIPITACION,Precipitación total mensual,1980-07-01 00:00,mm,32.1,Definitivo
21215080,CHICORAL [21215080],PRECIPITACION,Precipitación total mensual,1980-08-01 00:00,mm,62.1,Definitivo
21215080,CHICORAL [21215080],PRECIPITACION,Precipitación total mensual,1980-09-01 00:00,mm,43.6,Definitivo
21215080,CHICORAL [21215080],PRECIPITACION,Precipitación total mensual,1980-10-01 00:00,mm,304.4,Definitivo
21215080,CHICORAL [21215080],PRECIPITACION,Precipitación total mensual,1980-11-01 00:00,mm,108.7,Definitivo
21215080,CHICORAL [21215080],PRECIPITACION,Precipitación total mensual,1980-12-01 00:00,mm,57.4,Definitivo
21215080,CHICORAL [21215080],PRECIPITACION,Precipitación total mensual,1981-01-01 00:00,mm,10.6,Definitivo
21215080,CHICORAL [21215080],PRECIPITACION,Precipitación total mensual,1981-02-01 00:00,mm,163.5,Definitivo
21215080,CHICORAL [21215080],PRECIPITACION,Precipitación total mensual,1981-03-01 00:00,mm,25.8,Definitivo
21215080,CHICORAL [21215080],PRECIPITACION,Precipitación total mensual,1981-04-01 00:00,mm,239.4,Definitivo
21215080,CHICORAL [21215080],PRECIPITACION,Precipitación total mensual,1981-05-01 00:00,mm,278.1,Definitivo
21215080,CHICORAL [21215080],PRECIPITACION,Precipitación total mensual,1981-07-01 00:00,mm,6.6,Definitivo
21215080,CHICORAL [21215080],PRECIPITACION,Precipitación total mensual,1981-09-01 00:00,mm,37.5,Definitivo
21215080,CHICORAL [21215080],PRECIPITACION,Precipitación total mensual,1981-10-01 00:00,mm,185.2,Definitivo
21215080,CHICORAL [21215080],PRECIPITACION,Precipitación total mensual,1981-11-01 00:00,mm,60.7,Definitivo
21215080,CHICORAL [21215080],PRECIPITACION,Precipitación total mensual,1981-12-01 00:00,mm,109.6,Definitivo
21215080,CHICORAL [21215080],PRECIPITACION,Precipitación total mensual,1982-01-01 00:00,mm,70.8,Definitivo
21215080,CHICORAL [21215080],PRECIPITACION,Precipitación total mensual,1982-02-01 00:00,mm,140.5,Definitivo
21215080,CHICORAL [21215080],PRECIPITACION,Precipitación total mensual,1982-03-01 00:00,mm,85.3,Definitivo
21215080,CHICORAL [21215080],PRECIPITACION,Precipitación total mensual,1982-04-01 00:00,mm,221.6,Definitivo
21215080,CHICORAL [21215080],PRECIPITACION,Precipitación total mensual,1982-05-01 00:00,mm,300.9,Definitivo
21215080,CHICORAL [21215080],PRECIPITACION,Precipitación total mensual,1982-06-01 00:00,mm,14.8,Definitivo
21215080,CHICORAL [21215080],PRECIPITACION,Precipitación total mensual,1982-07-01 00:00,mm,39.6,Definitivo
21215080,CHICORAL [21215080],PRECIPITACION,Precipitación total mensual,1982-08-01 00:00,mm,1.1,Definitivo
21215080,CHICORAL [21215080],PRECIPITACION,Precipitación total mensual,1982-11-01 00:00,mm,130.1,Definitivo
21215080,CHICORAL [21215080],PRECIPITACION,Precipitación total mensual,1982-12-01 00:00,mm,201.6,Definitivo
21215080,CHICORAL [21215080],PRECIPITACION,Precipitación total mensual,1983-01-01 00:00,mm,32.9,Definitivo
21215080,CHICORAL [21215080],PRECIPITACION,Precipitación total mensual,1983-02-01 00:00,mm,68.6,Definitivo
21215080,CHICORAL [21215080],PRECIPITACION,Precipitación total mensual,1983-03-01 00:00,mm,93.4,Definitivo
21215080,CHICORAL [21215080],PRECIPITACION,Precipitación total mensual,1983-04-01 00:00,mm,315.3,Definitivo
21215080,CHICORAL [21215080],PRECIPITACION,Precipitación total mensual,1983-05-01 00:00,mm,112.1,Definitivo
21215080,CHICORAL [21215080],PRECIPITACION,Precipitación total mensual,1983-06-01 00:00,mm,4.3,Definitivo
21215080,CHICORAL [21215080],PRECIPITACION,Precipitación total mensual,1983-07-01 00:00,mm,28,Definitivo
21215080,CHICORAL [21215080],PRECIPITACION,Precipitación total mensual,1983-08-01 00:00,mm,37.9,Definitivo
21215080,CHICORAL [21215080],PRECIPITACION,Precipitación total mensual,1983-09-01 00:00,mm,62.7,Definitivo
21215080,CHICORAL [21215080],PRECIPITACION,Precipitación total mensual,1983-10-01 00:00,mm,107.9,Definitivo
21215080,CHICORAL [21215080],PRECIPITACION,Precipitación total mensual,1983-11-01 00:00,mm,144.3,Definitivo
21215080,CHICORAL [21215080],PRECIPITACION,Precipitación total mensual,1983-12-01 00:00,mm,88.3,Definitivo
21215080,CHICORAL [21215080],PRECIPITACION,Precipitación total mensual,1984-01-01 00:00,mm,55.2,Definitivo
21215080,CHICORAL [21215080],PRECIPITACION,Precipitación total mensual,1984-02-01 00:00,mm,290.1,Definitivo
21215080,CHICORAL [21215080],PRECIPITACION,Precipitación total mensual,1984-03-01 00:00,mm,64.7,Definitivo
21215080,CHICORAL [21215080],PRECIPITACION,Precipitación total mensual,1984-04-01 00:00,mm,197.4,Definitivo
21215080,CHICORAL [21215080],PRECIPITACION,Precipitación total mensual,1984-05-01 00:00,mm,298.4,Definitivo
21215080,CHICORAL [21215080],PRECIPITACION,Precipitación total mensual,1984-06-01 00:00,mm,79.5,Definitivo
21215080,CHICORAL [21215080],PRECIPITACION,Precipitación total mensual,1984-08-01 00:00,mm,104.2,Definitivo
21215080,CHICORAL [21215080],PRECIPITACION,Precipitación total mensual,1984-09-01 00:00,mm,265.4,Definitivo
21215080,CHICORAL [21215080],PRECIPITACION,Precipitación total mensual,1984-10-01 00:00,mm,126.6,Definitivo
21215080,CHICORAL [21215080],PRECIPITACION,Precipitación total mensual,1984-11-01 00:00,mm,270.2,Definitivo
21215080,CHICORAL [21215080],PRECIPITACION,Precipitación total mensual,1985-01-01 00:00,mm,0,Definitivo
21215080,CHICORAL [21215080],PRECIPITACION,Precipitación total mensual,1985-02-01 00:00,mm,25.2,Definitivo
21215080,CHICORAL [21215080],PRECIPITACION,Precipitación total mensual,1985-03-01 00:00,mm,40.1,Definitivo
21215080,CHICORAL [21215080],PRECIPITACION,Precipitación total mensual,1985-04-01 00:00,mm,373,Definitivo
21215080,CHICORAL [21215080],PRECIPITACION,Precipitación total mensual,1985-05-01 00:00,mm,160.7,Definitivo
21215080,CHICORAL [21215080],PRECIPITACION,Precipitación total mensual,1985-06-01 00:00,mm,10.8,Definitivo
21215080,CHICORAL [21215080],PRECIPITACION,Precipitación total mensual,1985-07-01 00:00,mm,35.5,Definitivo
21215080,CHICORAL [21215080],PRECIPITACION,Precipitación total mensual,1985-08-01 00:00,mm,69.1,Definitivo
21215080,CHICORAL [21215080],PRECIPITACION,Precipitación total mensual,1985-09-01 00:00,mm,210.8,Definitivo
21215080,CHICORAL [21215080],PRECIPITACION,Precipitación total mensual,1985-10-01 00:00,mm,208.6,Definitivo
21215080,CHICORAL [21215080],PRECIPITACION,Precipitación total mensual,1985-11-01 00:00,mm,79.8,Definitivo
21215080,CHICORAL [21215080],PRECIPITACION,Precipitación total mensual,1985-12-01 00:00,mm,5.2,Definitivo
21215080,CHICORAL [21215080],PRECIPITACION,Precipitación total mensual,1986-01-01 00:00,mm,194.8,Definitivo
21215080,CHICORAL [21215080],PRECIPITACION,Precipitación total mensual,1986-02-01 00:00,mm,334.2,Definitivo
21215080,CHICORAL [21215080],PRECIPITACION,Precipitación total mensual,1986-03-01 00:00,mm,125.6,Definitivo
21215080,CHICORAL [21215080],PRECIPITACION,Precipitación total mensual,1986-04-01 00:00,mm,508.1,Definitivo
21215080,CHICORAL [21215080],PRECIPITACION,Precipitación total mensual,1986-05-01 00:00,mm,161.3,Definitivo
21215080,CHICORAL [21215080],PRECIPITACION,Precipitación total mensual,1986-06-01 00:00,mm,128.5,Definitivo
21215080,CHICORAL [21215080],PRECIPITACION,Precipitación total mensual,1986-07-01 00:00,mm,1.3,Definitivo
21215080,CHICORAL [21215080],PRECIPITACION,Precipitación total mensual,1986-08-01 00:00,mm,84.2,Definitivo
21215080,CHICORAL [21215080],PRECIPITACION,Precipitación total mensual,1986-09-01 00:00,mm,112.1,Definitivo
21215080,CHICORAL [21215080],PRECIPITACION,Precipitación total mensual,1986-10-01 00:00,mm,279.2,Definitivo
21215080,CHICORAL [21215080],PRECIPITACION,Precipitación total mensual,1986-11-01 00:00,mm,88.6,Definitivo
21215080,CHICORAL [21215080],PRECIPITACION,Precipitación total mensual,1986-12-01 00:00,mm,68.5,Definitivo
21215080,CHICORAL [21215080],PRECIPITACION,Precipitación total mensual,1987-01-01 00:00,mm,30.2,Definitivo
21215080,CHICORAL [21215080],PRECIPITACION,Precipitación total mensual,1987-02-01 00:00,mm,54.3,Definitivo
21215080,CHICORAL [21215080],PRECIPITACION,Precipitación total mensual,1987-03-01 00:00,mm,60,Definitivo
21215080,CHICORAL [21215080],PRECIPITACION,Precipitación total mensual,1987-04-01 00:00,mm,156.2,Definitivo
21215080,CHICORAL [21215080],PRECIPITACION,Precipitación total mensual,1987-05-01 00:00,mm,210.2,Definitivo
21215080,CHICORAL [21215080],PRECIPITACION,Precipitación total mensual,1987-06-01 00:00,mm,51.1,Definitivo
21215080,CHICORAL [21215080],PRECIPITACION,Precipitación total mensual,1987-07-01 00:00,mm,64.1,Definitivo
21215080,CHICORAL [21215080],PRECIPITACION,Precipitación total mensual,1987-08-01 00:00,mm,73.1,Definitivo
21215080,CHICORAL [21215080],PRECIPITACION,Precipitación total mensual,1987-09-01 00:00,mm,88.8,Definitivo
21215080,CHICORAL [21215080],PRECIPITACION,Precipitación total mensual,1987-10-01 00:00,mm,314.6,Definitivo
21215080,CHICORAL [21215080],PRECIPITACION,Precipitación total mensual,1987-11-01 00:00,mm,54.9,Definitivo
21215080,CHICORAL [21215080],PRECIPITACION,Precipitación total mensual,1987-12-01 00:00,mm,86,Definitivo
21215080,CHICORAL [21215080],PRECIPITACION,Precipitación total mensual,1988-01-01 00:00,mm,16.9,Definitivo
21215080,CHICORAL [21215080],PRECIPITACION,Precipitación total mensual,1988-02-01 00:00,mm,43,Definitivo
21215080,CHICORAL [21215080],PRECIPITACION,Precipitación total mensual,1988-03-01 00:00,mm,0.2,Definitivo
21215080,CHICORAL [21215080],PRECIPITACION,Precipitación total mensual,1988-04-01 00:00,mm,213.6,Definitivo
21215080,CHICORAL [21215080],PRECIPITACION,Precipitación total mensual,1988-05-01 00:00,mm,65.4,Definitivo
21215080,CHICORAL [21215080],PRECIPITACION,Precipitación total mensual,1988-06-01 00:00,mm,119.9,Definitivo
21215080,CHICORAL [21215080],PRECIPITACION,Precipitación total mensual,1988-07-01 00:00,mm,129.7,Definitivo
21215080,CHICORAL [21215080],PRECIPITACION,Precipitación total mensual,1988-08-01 00:00,mm,256.2,Definitivo
21215080,CHICORAL [21215080],PRECIPITACION,Precipitación total mensual,1988-09-01 00:00,mm,126.4,Definitivo
21215080,CHICORAL [21215080],PRECIPITACION,Precipitación total mensual,1988-11-01 00:00,mm,57.1,Definitivo
21215080,CHICORAL [21215080],PRECIPITACION,Precipitación total mensual,1988-12-01 00:00,mm,125.6,Definitivo
21215080,CHICORAL [21215080],PRECIPITACION,Precipitación total mensual,1989-04-01 00:00,mm,59.8,Definitivo
21215080,CHICORAL [21215080],PRECIPITACION,Precipitación total mensual,1989-05-01 00:00,mm,97.7,Definitivo
21215080,CHICORAL [21215080],PRECIPITACION,Precipitación total mensual,1989-06-01 00:00,mm,220.3,Definitivo
21215080,CHICORAL [21215080],PRECIPITACION,Precipitación total mensual,1989-07-01 00:00,mm,77.1,Definitivo
21215080,CHICORAL [21215080],PRECIPITACION,Precipitación total mensual,1989-08-01 00:00,mm,36.4,Definitivo
21215080,CHICORAL [21215080],PRECIPITACION,Precipitación total mensual,1989-10-01 00:00,mm,143.1,Definitivo
21215080,CHICORAL [21215080],PRECIPITACION,Precipitación total mensual,1989-11-01 00:00,mm,70.8,Definitivo
21215080,CHICORAL [21215080],PRECIPITACION,Precipitación total mensual,1989-12-01 00:00,mm,52.9,Definitivo
21215080,CHICORAL [21215080],PRECIPITACION,Precipitación total mensual,1990-01-01 00:00,mm,38.2,Definitivo
21215080,CHICORAL [21215080],PRECIPITACION,Precipitación total mensual,1990-03-01 00:00,mm,112.5,Definitivo
21215080,CHICORAL [21215080],PRECIPITACION,Precipitación total mensual,1990-04-01 00:00,mm,137.7,Definitivo
21215080,CHICORAL [21215080],PRECIPITACION,Precipitación total mensual,1990-05-01 00:00,mm,115.9,Definitivo
21215080,CHICORAL [21215080],PRECIPITACION,Precipitación total mensual,1990-06-01 00:00,mm,62.5,Definitivo
21215080,CHICORAL [21215080],PRECIPITACION,Precipitación total mensual,1990-07-01 00:00,mm,61.1,Definitivo
21215080,CHICORAL [21215080],PRECIPITACION,Precipitación total mensual,1990-08-01 00:00,mm,0.3,Definitivo
21215080,CHICORAL [21215080],PRECIPITACION,Precipitación total mensual,1990-09-01 00:00,mm,24.5,Definitivo
21215080,CHICORAL [21215080],PRECIPITACION,Precipitación total mensual,1990-10-01 00:00,mm,186.9,Definitivo
21215080,CHICORAL [21215080],PRECIPITACION,Precipitación total mensual,1990-11-01 00:00,mm,130.3,Definitivo
21215080,CHICORAL [21215080],PRECIPITACION,Precipitación total mensual,1990-12-01 00:00,mm,65.7,Definitivo
21215080,CHICORAL [21215080],PRECIPITACION,Precipitación total mensual,1991-01-01 00:00,mm,25.4,Definitivo
21215080,CHICORAL [21215080],PRECIPITACION,Precipitación total mensual,1991-02-01 00:00,mm,74.3,Definitivo
21215080,CHICORAL [21215080],PRECIPITACION,Precipitación total mensual,1991-03-01 00:00,mm,207.6,Definitivo
21215080,CHICORAL [21215080],PRECIPITACION,Precipitación total mensual,1991-04-01 00:00,mm,146.9,Definitivo
21215080,CHICORAL [21215080],PRECIPITACION,Precipitación total mensual,1991-05-01 00:00,mm,251.8,Definitivo
21215080,CHICORAL [21215080],PRECIPITACION,Precipitación total mensual,1991-06-01 00:00,mm,66.6,Definitivo
21215080,CHICORAL [21215080],PRECIPITACION,Precipitación total mensual,1991-07-01 00:00,mm,154.4,Definitivo
21215080,CHICORAL [21215080],PRECIPITACION,Precipitación total mensual,1991-08-01 00:00,mm,39.4,Definitivo
21215080,CHICORAL [21215080],PRECIPITACION,Precipitación total mensual,1991-09-01 00:00,mm,152,Definitivo
21215080,CHICORAL [21215080],PRECIPITACION,Precipitación total mensual,1991-10-01 00:00,mm,87,Definitivo
21215080,CHICORAL [21215080],PRECIPITACION,Precipitación total mensual,1991-11-01 00:00,mm,204,Definitivo
21215080,CHICORAL [21215080],PRECIPITACION,Precipitación total mensual,1991-12-01 00:00,mm,33,Definitivo
21215080,CHICORAL [21215080],PRECIPITACION,Precipitación total mensual,1992-01-01 00:00,mm,105,Definitivo
21215080,CHICORAL [21215080],PRECIPITACION,Precipitación total mensual,1992-02-01 00:00,mm,26,Definitivo
21215080,CHICORAL [21215080],PRECIPITACION,Precipitación total mensual,1992-03-01 00:00,mm,114,Definitivo
21215080,CHICORAL [21215080],PRECIPITACION,Precipitación total mensual,1992-04-01 00:00,mm,100.2,Definitivo
21215080,CHICORAL [21215080],PRECIPITACION,Precipitación total mensual,1992-05-01 00:00,mm,276,Definitivo
21215080,CHICORAL [21215080],PRECIPITACION,Precipitación total mensual,1992-06-01 00:00,mm,31,Definitivo
21215080,CHICORAL [21215080],PRECIPITACION,Precipitación total mensual,1992-07-01 00:00,mm,68,Definitivo
21215080,CHICORAL [21215080],PRECIPITACION,Precipitación total mensual,1992-08-01 00:00,mm,4,Definitivo
21215080,CHICORAL [21215080],PRECIPITACION,Precipitación total mensual,1992-09-01 00:00,mm,290,Definitivo
21215080,CHICORAL [21215080],PRECIPITACION,Precipitación total mensual,1992-10-01 00:00,mm,36,Definitivo
21215080,CHICORAL [21215080],PRECIPITACION,Precipitación total mensual,1992-11-01 00:00,mm,113,Definitivo
21215080,CHICORAL [21215080],PRECIPITACION,Precipitación total mensual,1992-12-01 00:00,mm,41,Definitivo
21215080,CHICORAL [21215080],PRECIPITACION,Precipitación total mensual,1993-01-01 00:00,mm,86,Definitivo
21215080,CHICORAL [21215080],PRECIPITACION,Precipitación total mensual,1993-02-01 00:00,mm,24,Definitivo
21215080,CHICORAL [21215080],PRECIPITACION,Precipitación total mensual,1993-03-01 00:00,mm,108,Definitivo
21215080,CHICORAL [21215080],PRECIPITACION,Precipitación total mensual,1993-04-01 00:00,mm,341,Definitivo
21215080,CHICORAL [21215080],PRECIPITACION,Precipitación total mensual,1993-05-01 00:00,mm,153.3,Definitivo
21215080,CHICORAL [21215080],PRECIPITACION,Precipitación total mensual,1993-06-01 00:00,mm,23,Definitivo
21215080,CHICORAL [21215080],PRECIPITACION,Precipitación total mensual,1993-07-01 00:00,mm,20.8,Definitivo
21215080,CHICORAL [21215080],PRECIPITACION,Precipitación total mensual,1993-08-01 00:00,mm,20.6,Definitivo
21215080,CHICORAL [21215080],PRECIPITACION,Precipitación total mensual,1993-09-01 00:00,mm,166.4,Definitivo
21215080,CHICORAL [21215080],PRECIPITACION,Precipitación total mensual,1993-10-01 00:00,mm,292.9,Definitivo
21215080,CHICORAL [21215080],PRECIPITACION,Precipitación total mensual,1993-11-01 00:00,mm,274,Definitivo
21215080,CHICORAL [21215080],PRECIPITACION,Precipitación total mensual,1993-12-01 00:00,mm,75.3,Definitivo
21215080,CHICORAL [21215080],PRECIPITACION,Precipitación total mensual,1994-01-01 00:00,mm,138.2,Definitivo
21215080,CHICORAL [21215080],PRECIPITACION,Precipitación total mensual,1994-02-01 00:00,mm,166.5,Definitivo
21215080,CHICORAL [21215080],PRECIPITACION,Precipitación total mensual,1994-03-01 00:00,mm,355.3,Definitivo
21215080,CHICORAL [21215080],PRECIPITACION,Precipitación total mensual,1994-04-01 00:00,mm,254.2,Definitivo
21215080,CHICORAL [21215080],PRECIPITACION,Precipitación total mensual,1994-05-01 00:00,mm,344.1,Definitivo
21215080,CHICORAL [21215080],PRECIPITACION,Precipitación total mensual,1994-06-01 00:00,mm,64.1,Definitivo
21215080,CHICORAL [21215080],PRECIPITACION,Precipitación total mensual,1994-07-01 00:00,mm,141.9,Definitivo
21215080,CHICORAL [21215080],PRECIPITACION,Precipitación total mensual,1994-08-01 00:00,mm,11.7,Definitivo
21215080,CHICORAL [21215080],PRECIPITACION,Precipitación total mensual,1994-09-01 00:00,mm,76.2,Definitivo
21215080,CHICORAL [21215080],PRECIPITACION,Precipitación total mensual,1994-10-01 00:00,mm,114.8,Definitivo
21215080,CHICORAL [21215080],PRECIPITACION,Precipitación total mensual,1994-11-01 00:00,mm,218.6,Definitivo
21215080,CHICORAL [21215080],PRECIPITACION,Precipitación total mensual,1994-12-01 00:00,mm,27,Definitivo
21215080,CHICORAL [21215080],PRECIPITACION,Precipitación total mensual,1995-01-01 00:00,mm,5.8,Definitivo
21215080,CHICORAL [21215080],PRECIPITACION,Precipitación total mensual,1995-02-01 00:00,mm,48,Definitivo
21215080,CHICORAL [21215080],PRECIPITACION,Precipitación total mensual,1995-03-01 00:00,mm,28.1,Definitivo
21215080,CHICORAL [21215080],PRECIPITACION,Precipitación total mensual,1995-04-01 00:00,mm,6.3,Definitivo
21215080,CHICORAL [21215080],PRECIPITACION,Precipitación total mensual,1995-05-01 00:00,mm,114.9,Definitivo
21215080,CHICORAL [21215080],PRECIPITACION,Precipitación total mensual,1995-06-01 00:00,mm,21.1,Definitivo
21215080,CHICORAL [21215080],PRECIPITACION,Precipitación total mensual,1995-07-01 00:00,mm,91.3,Definitivo
21215080,CHICORAL [21215080],PRECIPITACION,Precipitación total mensual,1995-08-01 00:00,mm,99.9,Definitivo
21215080,CHICORAL [21215080],PRECIPITACION,Precipitación total mensual,1995-09-01 00:00,mm,108.5,Definitivo
21215080,CHICORAL [21215080],PRECIPITACION,Precipitación total mensual,1995-10-01 00:00,mm,195.6,Definitivo
21215080,CHICORAL [21215080],PRECIPITACION,Precipitación total mensual,1995-11-01 00:00,mm,84.3,Definitivo
21215080,CHICORAL [21215080],PRECIPITACION,Precipitación total mensual,1995-12-01 00:00,mm,160.3,Definitivo
21215080,CHICORAL [21215080],PRECIPITACION,Precipitación total mensual,1996-01-01 00:00,mm,0,Definitivo
21215080,CHICORAL [21215080],PRECIPITACION,Precipitación total mensual,1996-02-01 00:00,mm,41.2,Definitivo
21215080,CHICORAL [21215080],PRECIPITACION,Precipitación total mensual,1996-03-01 00:00,mm,181.7,Definitivo
21215080,CHICORAL [21215080],PRECIPITACION,Precipitación total mensual,1996-04-01 00:00,mm,172.6,Definitivo
21215080,CHICORAL [21215080],PRECIPITACION,Precipitación total mensual,1996-05-01 00:00,mm,154,Definitivo
21215080,CHICORAL [21215080],PRECIPITACION,Precipitación total mensual,1996-06-01 00:00,mm,61,Definitivo
21215080,CHICORAL [21215080],PRECIPITACION,Precipitación total mensual,1996-07-01 00:00,mm,154.5,Definitivo
21215080,CHICORAL [21215080],PRECIPITACION,Precipitación total mensual,1996-08-01 00:00,mm,77.9,Definitivo
21215080,CHICORAL [21215080],PRECIPITACION,Precipitación total mensual,1996-09-01 00:00,mm,131.6,Definitivo
21215080,CHICORAL [21215080],PRECIPITACION,Precipitación total mensual,1996-10-01 00:00,mm,201.5,Definitivo
21215080,CHICORAL [21215080],PRECIPITACION,Precipitación total mensual,1996-11-01 00:00,mm,143.2,Definitivo
21215080,CHICORAL [21215080],PRECIPITACION,Precipitación total mensual,1996-12-01 00:00,mm,12,Definitivo
21215080,CHICORAL [21215080],PRECIPITACION,Precipitación total mensual,1997-01-01 00:00,mm,12,Definitivo
21215080,CHICORAL [21215080],PRECIPITACION,Precipitación total mensual,1997-02-01 00:00,mm,15,Definitivo
21215080,CHICORAL [21215080],PRECIPITACION,Precipitación total mensual,1997-03-01 00:00,mm,218.1,Definitivo
21215080,CHICORAL [21215080],PRECIPITACION,Precipitación total mensual,1997-04-01 00:00,mm,81.5,Definitivo
21215080,CHICORAL [21215080],PRECIPITACION,Precipitación total mensual,1997-05-01 00:00,mm,132.2,Definitivo
21215080,CHICORAL [21215080],PRECIPITACION,Precipitación total mensual,1997-06-01 00:00,mm,151.1,Definitivo
21215080,CHICORAL [21215080],PRECIPITACION,Precipitación total mensual,1997-07-01 00:00,mm,0,Definitivo
21215080,CHICORAL [21215080],PRECIPITACION,Precipitación total mensual,1997-08-01 00:00,mm,0,Definitivo
21215080,CHICORAL [21215080],PRECIPITACION,Precipitación total mensual,1997-09-01 00:00,mm,105.1,Definitivo
21215080,CHICORAL [21215080],PRECIPITACION,Precipitación total mensual,1997-10-01 00:00,mm,216.6,Definitivo
21215080,CHICORAL [21215080],PRECIPITACION,Precipitación total mensual,1997-11-01 00:00,mm,66.4,Definitivo
21215080,CHICORAL [21215080],PRECIPITACION,Precipitación total mensual,1997-12-01 00:00,mm,119.7,Definitivo
21215080,CHICORAL [21215080],PRECIPITACION,Precipitación total mensual,1998-01-01 00:00,mm,42,Definitivo
21215080,CHICORAL [21215080],PRECIPITACION,Precipitación total mensual,1998-02-01 00:00,mm,183.3,Definitivo
21215080,CHICORAL [21215080],PRECIPITACION,Precipitación total mensual,1998-03-01 00:00,mm,221,Definitivo
21215080,CHICORAL [21215080],PRECIPITACION,Precipitación total mensual,1998-04-01 00:00,mm,370,Definitivo
21215080,CHICORAL [21215080],PRECIPITACION,Precipitación total mensual,1998-05-01 00:00,mm,311.2,Definitivo
21215080,CHICORAL [21215080],PRECIPITACION,Precipitación total mensual,1998-06-01 00:00,mm,84.7,Definitivo
21215080,CHICORAL [21215080],PRECIPITACION,Precipitación total mensual,1998-07-01 00:00,mm,5,Definitivo
21215080,CHICORAL [21215080],PRECIPITACION,Precipitación total mensual,1998-08-01 00:00,mm,71.2,Definitivo
21215080,CHICORAL [21215080],PRECIPITACION,Precipitación total mensual,1998-09-01 00:00,mm,121.4,Definitivo
21215080,CHICORAL [21215080],PRECIPITACION,Precipitación total mensual,1998-10-01 00:00,mm,203.6,Definitivo
21215080,CHICORAL [21215080],PRECIPITACION,Precipitación total mensual,1998-11-01 00:00,mm,182.1,Definitivo
21215080,CHICORAL [21215080],PRECIPITACION,Precipitación total mensual,1998-12-01 00:00,mm,78.5,Definitivo
21215080,CHICORAL [21215080],PRECIPITACION,Precipitación total mensual,1999-01-01 00:00,mm,39.7,Definitivo
21215080,CHICORAL [21215080],PRECIPITACION,Precipitación total mensual,1999-02-01 00:00,mm,222.1,Definitivo
21215080,CHICORAL [21215080],PRECIPITACION,Precipitación total mensual,1999-03-01 00:00,mm,103.6,Definitivo
21215080,CHICORAL [21215080],PRECIPITACION,Precipitación total mensual,1999-04-01 00:00,mm,345,Definitivo
21215080,CHICORAL [21215080],PRECIPITACION,Precipitación total mensual,1999-05-01 00:00,mm,178.2,Definitivo
21215080,CHICORAL [21215080],PRECIPITACION,Precipitación total mensual,1999-06-01 00:00,mm,166.1,Definitivo
21215080,CHICORAL [21215080],PRECIPITACION,Precipitación total mensual,1999-07-01 00:00,mm,25.8,Definitivo
21215080,CHICORAL [21215080],PRECIPITACION,Precipitación total mensual,1999-08-01 00:00,mm,109.9,Definitivo
21215080,CHICORAL [21215080],PRECIPITACION,Precipitación total mensual,1999-09-01 00:00,mm,107.9,Definitivo
21215080,CHICORAL [21215080],PRECIPITACION,Precipitación total mensual,1999-10-01 00:00,mm,212.7,Definitivo
21215080,CHICORAL [21215080],PRECIPITACION,Precipitación total mensual,1999-11-01 00:00,mm,109.6,Definitivo
21215080,CHICORAL [21215080],PRECIPITACION,Precipitación total mensual,1999-12-01 00:00,mm,55.3,Definitivo
21215080,CHICORAL [21215080],PRECIPITACION,Precipitación total mensual,2000-01-01 00:00,mm,89.4,Definitivo
21215080,CHICORAL [21215080],PRECIPITACION,Precipitación total mensual,2000-02-01 00:00,mm,109.6,Definitivo
21215080,CHICORAL [21215080],PRECIPITACION,Precipitación total mensual,2000-03-01 00:00,mm,81.4,Definitivo
21215080,CHICORAL [21215080],PRECIPITACION,Precipitación total mensual,2000-04-01 00:00,mm,217.3,Definitivo
21215080,CHICORAL [21215080],PRECIPITACION,Precipitación total mensual,2000-05-01 00:00,mm,247.6,Definitivo
21215080,CHICORAL [21215080],PRECIPITACION,Precipitación total mensual,2000-06-01 00:00,mm,185.6,Definitivo
21215080,CHICORAL [21215080],PRECIPITACION,Precipitación total mensual,2000-07-01 00:00,mm,12.8,Definitivo
21215080,CHICORAL [21215080],PRECIPITACION,Precipitación total mensual,2000-08-01 00:00,mm,65.9,Definitivo
21215080,CHICORAL [21215080],PRECIPITACION,Precipitación total mensual,2000-09-01 00:00,mm,162.2,Definitivo
21215080,CHICORAL [21215080],PRECIPITACION,Precipitación total mensual,2000-10-01 00:00,mm,296.4,Definitivo
21215080,CHICORAL [21215080],PRECIPITACION,Precipitación total mensual,2000-11-01 00:00,mm,114.7,Definitivo
21215080,CHICORAL [21215080],PRECIPITACION,Precipitación total mensual,2000-12-01 00:00,mm,170.6,Definitivo
